rank,player,elo_effective,expected_points,Top1,Top2,Top3,Top4,Top5,Top8,Top<=3,Top<=5,Top<=8,display_name,photo,flag,club_logo,club,theme_color
1,CROSNIER Stéphane,2200.0,36.523945491657656,0.444,0.24,0.168,0.077,0.038,0.002,0.852,0.967,1.0,CROSNIER Stéphane,assets/players/default.png,assets/flags/default.png,assets/clubs/default.png,,#444444
2,SUYS Olivier,2195.0,36.30718492303232,0.318,0.322,0.181,0.093,0.051,0.005,0.821,0.965,0.999,SUYS Olivier,assets/players/suys-olivier.png,assets/flags/fr.png,assets/clubs/viroflay.png,Viroflay,#111827
3,BLAYE Arnaud,2155.0,34.466489953678916,0.147,0.204,0.234,0.198,0.103,0.013,0.585,0.8859999999999999,0.981,BLAYE Arnaud,assets/players/blaye-arnaud.png,assets/flags/fr.png,assets/clubs/default.png,,#111827
4,DUMAS Emmanuel,2116.0,32.496207379610325,0.05,0.121,0.183,0.239,0.158,0.024,0.354,0.751,0.953,DUMAS Emmanuel,assets/players/dumas-emmanuel.png,assets/flags/fr.png,assets/clubs/lyon.png,Lyon,#1D4ED8
5,LANDEMAINE Thierry,2097.0,31.477910005572195,0.028,0.076,0.137,0.194,0.229,0.052,0.241,0.664,0.947,LANDEMAINE Thierry,assets/players/landemaine-thierry.png,assets/flags/fr.png,assets/clubs/fontenay-sous-bois.png,Fontenay-sous-Bois,#111827
6,LECLÈRE Christophe,2035.0,27.92723638896855,0.007,0.019,0.037,0.085,0.137,0.102,0.063,0.285,0.735,LECLÈRE Christophe,assets/players/leclere-christophe.png,assets/flags/fr.png,assets/clubs/epernay.png,Épernay,#7C3AED
7,PINEL Florian,2026.0,27.38757361433865,0.002,0.014,0.033,0.053,0.128,0.125,0.049,0.23,0.7070000000000001,PINEL Florian,assets/players/pinel-florian.png,assets/flags/fr.png,assets/clubs/toulouse.png,Toulouse,#EA580C
8,MERRHEIM Philippe,1992.0,25.308675029292456,0.002,0.002,0.015,0.026,0.053,0.148,0.019,0.098,0.482,MERRHEIM Philippe,assets/players/merrheim-philippe.png,assets/flags/fr.png,assets/clubs/villeneuve-dascq.png,Villeneuve d'Ascq,#DC2626
9,DURAND Jean-Marc,1981.0,24.625537056981415,0.001,0.001,0.008,0.019,0.051,0.15,0.01,0.0799999999999999,0.406,DURAND Jean-Marc,assets/players/durand-jean-marc.png,assets/flags/fr.png,assets/clubs/laxou.png,Laxou,#7C3AED
10,BARCET Vincent,1908.0,20.052044852242993,0.001,0.0,0.0,0.003,0.008,0.044,0.001,0.012,0.098,BARCET Vincent,assets/players/barcet-vincent.png,assets/flags/fr.png,assets/clubs/default.png,,#DB2777
11,CAMBLONCQ Thierry,1915.0,20.488907502937387,0.0,0.0,0.001,0.002,0.006,0.047,0.001,0.009,0.106,CAMBLONCQ Thierry,assets/players/cambloncq-thierry.png,assets/flags/fr.png,assets/clubs/pau.png,,#EA580C
12,OLIVIER Philippe,1915.0,20.488907502937387,0.0,0.0,0.002,0.001,0.009,0.052,0.002,0.012,0.1129999999999999,OLIVIER Philippe,assets/players/olivier-philippe.png,assets/flags/be.png,assets/clubs/dour.png,Dour,#F59E0B
13,BROSSEAU Dany,1906.0,19.927474133094083,0.0,0.001,0.0,0.002,0.002,0.042,0.001,0.005,0.0829999999999999,BROSSEAU Dany,assets/players/brosseau-dany.png,assets/flags/fr.png,assets/clubs/tarbes-nord.png,Tarbes-Nord,#EA580C
14,RODRIGUES Marvin,1902.0,19.678704064300877,0.0,0.0,0.0,0.001,0.004,0.032,0.0,0.005,0.081,RODRIGUES Marvin,assets/players/rodrigues-marvin.png,assets/flags/fr.png,assets/clubs/default.png,,#EA580C
15,TRUCCHI Sébastien,1902.0,19.678704064300877,0.0,0.0,0.0,0.0,0.009,0.04,0.0,0.009,0.072,TRUCCHI Sébastien,assets/players/trucchi-sebastien.png,assets/flags/fr.png,assets/clubs/antibes.png,Antibes,#DB2777
16,BERNARD Pierre,1898.0,19.430471845981007,0.0,0.0,0.001,0.002,0.005,0.031,0.001,0.008,0.072,BERNARD Pierre,assets/players/bernard-pierre.png,assets/flags/fr.png,assets/clubs/la-roche-sur-yon.png,La-Roche-sur-Yon,#059669
17,COSTE Denis,1881.0,18.38266540115766,0.0,0.0,0.0,0.001,0.002,0.021,0.0,0.003,0.043,COSTE Denis,assets/players/coste-denis.png,assets/flags/fr.png,assets/clubs/default.png,,#DB2777
18,ROUX Pierre-Damien,1871.0,17.772829388848457,0.0,0.0,0.0,0.001,0.0,0.018,0.0,0.001,0.0289999999999999,ROUX Pierre-Damien,assets/players/roux-pierre-damien.png,assets/flags/fr.png,assets/clubs/fontenay-sous-bois.png,Fontenay-sous-Bois,#111827
19,BAKAYOKO Ahmed,1870.0,17.712150880909412,0.0,0.0,0.0,0.001,0.004,0.009,0.0,0.005,0.022,BAKAYOKO Ahmed,assets/players/bakayoko-ahmed.png,assets/flags/fr.png,assets/clubs/viroflay.png,Viroflay,#111827
20,KERBIRIOU Jean-Luc,1863.0,17.289080692751376,0.0,0.0,0.0,0.0,0.002,0.015,0.0,0.002,0.026,KERBIRIOU Jean-Luc,assets/players/kerbiriou-jean-luc.png,assets/flags/fr.png,assets/clubs/default.png,,#111827
21,SUYS Alain,1848.0,16.393323379145553,0.0,0.0,0.0,0.0,0.0,0.004,0.0,0.0,0.007,SUYS Alain,assets/players/suys-alain.png,assets/flags/fr.png,assets/clubs/viroflay.png,Viroflay,#111827
22,BONTHOUX Julien,1849.0,16.452546287760537,0.0,0.0,0.0,0.001,0.0,0.01,0.0,0.001,0.014,BONTHOUX Julien,assets/players/bonthoux-julien.png,assets/flags/fr.png,assets/clubs/default.png,,#1D4ED8
23,ROCCHIA Philippe,1846.0,16.275101290990463,0.0,0.0,0.0,0.0,0.001,0.013,0.0,0.001,0.018,ROCCHIA Philippe,assets/players/rocchia-philippe.png,assets/flags/fr.png,assets/clubs/marseille.png,Marseille,#DB2777
24,FOURY Christian,1832.0,15.456328869509464,0.0,0.0,0.0,0.001,0.0,0.001,0.0,0.001,0.006,FOURY Christian,assets/players/foury-christian.png,assets/flags/fr.png,assets/clubs/paris.png,Paris,#111827
